{
  "typeName" : "AWS::EC2::VPCGatewayAttachment",
  "description" : "Resource Type definition for AWS::EC2::VPCGatewayAttachment",
  "additionalProperties" : false,
  "properties" : {
    "Id" : {
      "type" : "string"
    },
    "InternetGatewayId" : {
      "type" : "string"
    },
    "VpcId" : {
      "type" : "string"
    },
    "VpnGatewayId" : {
      "type" : "string"
    }
  },
  "required" : [ "VpcId" ],
  "readOnlyProperties" : [ "/properties/Id" ],
  "primaryIdentifier" : [ "/properties/Id" ]
}