{
  "typeName" : "AWS::AppStream::ApplicationEntitlementAssociation",
  "description" : "Resource Type definition for AWS::AppStream::ApplicationEntitlementAssociation",
  "sourceUrl" : "https://github.com/aws-cloudformation/aws-cloudformation-resource-providers-appstream.git",
  "definitions" : { },
  "properties" : {
    "StackName" : {
      "type" : "string"
    },
    "EntitlementName" : {
      "type" : "string"
    },
    "ApplicationIdentifier" : {
      "type" : "string"
    }
  },
  "additionalProperties" : false,
  "required" : [ "StackName", "EntitlementName", "ApplicationIdentifier" ],
  "createOnlyProperties" : [ "/properties/StackName", "/properties/EntitlementName", "/properties/ApplicationIdentifier" ],
  "primaryIdentifier" : [ "/properties/StackName", "/properties/EntitlementName", "/properties/ApplicationIdentifier" ],
  "handlers" : {
    "create" : {
      "permissions" : [ "appstream:AssociateApplicationToEntitlement" ]
    },
    "read" : {
      "permissions" : [ "appstream:ListEntitledApplications" ]
    },
    "delete" : {
      "permissions" : [ "appstream:DisassociateApplicationFromEntitlement" ]
    }
  }
}