{
  "typeName" : "AWS::EC2::TransitGatewayRouteTablePropagation",
  "description" : "Resource Type definition for AWS::EC2::TransitGatewayRouteTablePropagation",
  "additionalProperties" : false,
  "properties" : {
    "Id" : {
      "type" : "string"
    },
    "TransitGatewayRouteTableId" : {
      "type" : "string"
    },
    "TransitGatewayAttachmentId" : {
      "type" : "string"
    }
  },
  "required" : [ "TransitGatewayRouteTableId", "TransitGatewayAttachmentId" ],
  "createOnlyProperties" : [ "/properties/TransitGatewayRouteTableId", "/properties/TransitGatewayAttachmentId" ],
  "readOnlyProperties" : [ "/properties/Id" ],
  "primaryIdentifier" : [ "/properties/Id" ]
}