{
  "typeName" : "AWS::Inspector::ResourceGroup",
  "description" : "Resource Type definition for AWS::Inspector::ResourceGroup",
  "additionalProperties" : false,
  "properties" : {
    "Arn" : {
      "type" : "string"
    },
    "ResourceGroupTags" : {
      "type" : "array",
      "uniqueItems" : false,
      "items" : {
        "$ref" : "#/definitions/Tag"
      }
    }
  },
  "definitions" : {
    "Tag" : {
      "type" : "object",
      "additionalProperties" : false,
      "properties" : {
        "Key" : {
          "type" : "string"
        },
        "Value" : {
          "type" : "string"
        }
      },
      "required" : [ "Value", "Key" ]
    }
  },
  "required" : [ "ResourceGroupTags" ],
  "readOnlyProperties" : [ "/properties/Arn" ],
  "createOnlyProperties" : [ "/properties/ResourceGroupTags" ],
  "primaryIdentifier" : [ "/properties/Arn" ],
  "taggable" : false,
  "handlers" : {
    "create" : {
      "permissions" : [ "inspector:CreateResourceGroup" ]
    },
    "read" : {
      "permissions" : [ "inspector:CreateResourceGroup" ]
    },
    "delete" : {
      "permissions" : [ "inspector:CreateResourceGroup" ]
    }
  }
}