{
  "typeName" : "AWS::ElastiCache::User",
  "description" : "Resource Type definition for AWS::ElastiCache::User",
  "sourceUrl" : "https://github.com/aws-cloudformation/aws-cloudformation-resource-providers-elasticache",
  "properties" : {
    "Status" : {
      "description" : "Indicates the user status. Can be \"active\", \"modifying\" or \"deleting\".",
      "type" : "string"
    },
    "UserId" : {
      "description" : "The ID of the user.",
      "pattern" : "[a-z][a-z0-9\\\\-]*",
      "type" : "string"
    },
    "UserName" : {
      "description" : "The username of the user.",
      "type" : "string"
    },
    "Engine" : {
      "description" : "Must be redis.",
      "type" : "string",
      "enum" : [ "redis" ]
    },
    "AccessString" : {
      "description" : "Access permissions string used for this user account.",
      "type" : "string"
    },
    "NoPasswordRequired" : {
      "description" : "Indicates a password is not required for this user account.",
      "type" : "boolean"
    },
    "Passwords" : {
      "type" : "array",
      "$comment" : "List of passwords.",
      "uniqueItems" : true,
      "insertionOrder" : true,
      "items" : {
        "type" : "string"
      },
      "description" : "Passwords used for this user account. You can create up to two passwords for each user."
    },
    "Arn" : {
      "description" : "The Amazon Resource Name (ARN) of the user account.",
      "type" : "string"
    }
  },
  "additionalProperties" : false,
  "required" : [ "UserId", "UserName", "Engine" ],
  "readOnlyProperties" : [ "/properties/Status", "/properties/Arn" ],
  "createOnlyProperties" : [ "/properties/UserId", "/properties/UserName", "/properties/Engine" ],
  "writeOnlyProperties" : [ "/properties/Passwords", "/properties/NoPasswordRequired", "/properties/AccessString" ],
  "primaryIdentifier" : [ "/properties/UserId" ],
  "handlers" : {
    "create" : {
      "permissions" : [ "elasticache:CreateUser", "elasticache:DescribeUsers" ]
    },
    "read" : {
      "permissions" : [ "elasticache:DescribeUsers" ]
    },
    "update" : {
      "permissions" : [ "elasticache:ModifyUser", "elasticache:DescribeUsers" ]
    },
    "delete" : {
      "permissions" : [ "elasticache:DeleteUser", "elasticache:DescribeUsers" ]
    },
    "list" : {
      "permissions" : [ "elasticache:DescribeUsers" ]
    }
  }
}