{
  "typeName" : "AWS::EC2::PlacementGroup",
  "description" : "Resource Type definition for AWS::EC2::PlacementGroup",
  "sourceUrl" : "https://github.com/aws-cloudformation/aws-cloudformation-resource-providers-ec2",
  "properties" : {
    "Strategy" : {
      "description" : "The placement strategy.",
      "type" : "string"
    },
    "GroupName" : {
      "description" : "The Group Name of Placement Group.",
      "type" : "string"
    }
  },
  "additionalProperties" : false,
  "createOnlyProperties" : [ "/properties/Strategy" ],
  "readOnlyProperties" : [ "/properties/GroupName" ],
  "primaryIdentifier" : [ "/properties/GroupName" ],
  "taggable" : false,
  "handlers" : {
    "create" : {
      "permissions" : [ "ec2:CreatePlacementGroup", "ec2:DescribePlacementGroups" ]
    },
    "read" : {
      "permissions" : [ "ec2:DescribePlacementGroups" ]
    },
    "delete" : {
      "permissions" : [ "ec2:DeletePlacementGroup", "ec2:DescribePlacementGroups" ]
    },
    "list" : {
      "permissions" : [ "ec2:DescribePlacementGroups" ]
    }
  }
}