{
  "typeName" : "AWS::GreengrassV2::ComponentVersion",
  "description" : "Resource for Greengrass component version.",
  "definitions" : {
    "LambdaFunctionRecipeSource" : {
      "type" : "object",
      "properties" : {
        "LambdaArn" : {
          "type" : "string",
          "pattern" : "^arn:aws(-(cn|us-gov))?:lambda:(([a-z]+-)+[0-9])?:([0-9]{12})?:[^.]+$"
        },
        "ComponentName" : {
          "type" : "string"
        },
        "ComponentVersion" : {
          "type" : "string"
        },
        "ComponentPlatforms" : {
          "type" : "array",
          "items" : {
            "$ref" : "#/definitions/ComponentPlatform"
          },
          "insertionOrder" : false
        },
        "ComponentDependencies" : {
          "type" : "object",
          "patternProperties" : {
            ".*" : {
              "$ref" : "#/definitions/ComponentDependencyRequirement"
            }
          },
          "additionalProperties" : false
        },
        "ComponentLambdaParameters" : {
          "$ref" : "#/definitions/LambdaExecutionParameters"
        }
      },
      "additionalProperties" : false
    },
    "ComponentPlatform" : {
      "type" : "object",
      "properties" : {
        "Name" : {
          "type" : "string"
        },
        "Attributes" : {
          "type" : "object",
          "patternProperties" : {
            ".+" : {
              "type" : "string"
            }
          },
          "additionalProperties" : false
        }
      },
      "additionalProperties" : false
    },
    "ComponentDependencyRequirement" : {
      "type" : "object",
      "properties" : {
        "VersionRequirement" : {
          "type" : "string"
        },
        "DependencyType" : {
          "type" : "string",
          "enum" : [ "SOFT", "HARD" ]
        }
      },
      "additionalProperties" : false
    },
    "LambdaExecutionParameters" : {
      "type" : "object",
      "properties" : {
        "EventSources" : {
          "type" : "array",
          "items" : {
            "$ref" : "#/definitions/LambdaEventSource"
          },
          "insertionOrder" : false
        },
        "MaxQueueSize" : {
          "type" : "integer"
        },
        "MaxInstancesCount" : {
          "type" : "integer"
        },
        "MaxIdleTimeInSeconds" : {
          "type" : "integer"
        },
        "TimeoutInSeconds" : {
          "type" : "integer"
        },
        "StatusTimeoutInSeconds" : {
          "type" : "integer"
        },
        "Pinned" : {
          "type" : "boolean"
        },
        "InputPayloadEncodingType" : {
          "type" : "string",
          "enum" : [ "json", "binary" ]
        },
        "ExecArgs" : {
          "type" : "array",
          "items" : {
            "type" : "string"
          },
          "insertionOrder" : true
        },
        "EnvironmentVariables" : {
          "type" : "object",
          "patternProperties" : {
            ".+" : {
              "type" : "string"
            }
          },
          "additionalProperties" : false
        },
        "LinuxProcessParams" : {
          "$ref" : "#/definitions/LambdaLinuxProcessParams"
        }
      },
      "additionalProperties" : false
    },
    "LambdaEventSource" : {
      "type" : "object",
      "properties" : {
        "Topic" : {
          "type" : "string"
        },
        "Type" : {
          "type" : "string",
          "enum" : [ "PUB_SUB", "IOT_CORE" ]
        }
      },
      "additionalProperties" : false
    },
    "LambdaLinuxProcessParams" : {
      "type" : "object",
      "properties" : {
        "IsolationMode" : {
          "type" : "string",
          "enum" : [ "GreengrassContainer", "NoContainer" ]
        },
        "ContainerParams" : {
          "$ref" : "#/definitions/LambdaContainerParams"
        }
      },
      "additionalProperties" : false
    },
    "LambdaContainerParams" : {
      "type" : "object",
      "properties" : {
        "MemorySizeInKB" : {
          "type" : "integer"
        },
        "MountROSysfs" : {
          "type" : "boolean"
        },
        "Volumes" : {
          "type" : "array",
          "items" : {
            "$ref" : "#/definitions/LambdaVolumeMount"
          },
          "insertionOrder" : false
        },
        "Devices" : {
          "type" : "array",
          "items" : {
            "$ref" : "#/definitions/LambdaDeviceMount"
          },
          "insertionOrder" : false
        }
      },
      "additionalProperties" : false
    },
    "LambdaVolumeMount" : {
      "type" : "object",
      "properties" : {
        "SourcePath" : {
          "$ref" : "#/definitions/FilesystemPath"
        },
        "DestinationPath" : {
          "$ref" : "#/definitions/FilesystemPath"
        },
        "Permission" : {
          "$ref" : "#/definitions/LambdaFilesystemPermission"
        },
        "AddGroupOwner" : {
          "$ref" : "#/definitions/LambdaAddGroupOwnerBoolean"
        }
      },
      "additionalProperties" : false
    },
    "LambdaDeviceMount" : {
      "type" : "object",
      "properties" : {
        "Path" : {
          "$ref" : "#/definitions/FilesystemPath"
        },
        "Permission" : {
          "$ref" : "#/definitions/LambdaFilesystemPermission"
        },
        "AddGroupOwner" : {
          "$ref" : "#/definitions/LambdaAddGroupOwnerBoolean"
        }
      },
      "additionalProperties" : false
    },
    "FilesystemPath" : {
      "type" : "string"
    },
    "LambdaFilesystemPermission" : {
      "type" : "string",
      "enum" : [ "ro", "rw" ]
    },
    "LambdaAddGroupOwnerBoolean" : {
      "type" : "boolean"
    }
  },
  "properties" : {
    "Arn" : {
      "type" : "string"
    },
    "ComponentName" : {
      "type" : "string"
    },
    "ComponentVersion" : {
      "type" : "string"
    },
    "InlineRecipe" : {
      "type" : "string"
    },
    "LambdaFunction" : {
      "$ref" : "#/definitions/LambdaFunctionRecipeSource"
    },
    "Tags" : {
      "type" : "object",
      "patternProperties" : {
        "^(?!aws:)[a-zA-Z+-=._:/]{1,128}$" : {
          "type" : "string",
          "maxLength" : 256
        }
      },
      "maxProperties" : 50,
      "additionalProperties" : false
    }
  },
  "additionalProperties" : false,
  "createOnlyProperties" : [ "/properties/LambdaFunction", "/properties/InlineRecipe" ],
  "readOnlyProperties" : [ "/properties/Arn", "/properties/ComponentName", "/properties/ComponentVersion" ],
  "writeOnlyProperties" : [ "/properties/LambdaFunction", "/properties/InlineRecipe" ],
  "primaryIdentifier" : [ "/properties/Arn" ],
  "additionalIdentifiers" : [ [ "/properties/ComponentName", "/properties/ComponentVersion" ] ],
  "handlers" : {
    "create" : {
      "permissions" : [ "greengrass:CreateComponentVersion", "greengrass:DescribeComponent", "lambda:GetFunction", "s3:GetObject" ]
    },
    "read" : {
      "permissions" : [ "greengrass:DescribeComponent" ]
    },
    "update" : {
      "permissions" : [ "greengrass:TagResource", "greengrass:UntagResource" ]
    },
    "delete" : {
      "permissions" : [ "greengrass:DeleteComponent" ]
    },
    "list" : {
      "permissions" : [ "greengrass:ListComponentVersions" ]
    }
  }
}