{
  "typeName" : "AWS::FMS::Policy",
  "description" : "Creates an AWS Firewall Manager policy.",
  "sourceUrl" : "https://github.com/aws-cloudformation/aws-cloudformation-resource-providers-fms.git",
  "definitions" : {
    "AccountId" : {
      "description" : "An AWS account ID.",
      "type" : "string",
      "pattern" : "^([0-9]*)$",
      "minLength" : 12,
      "maxLength" : 12
    },
    "OrganizationalUnitId" : {
      "description" : "An Organizational Unit ID.",
      "type" : "string",
      "pattern" : "^(ou-[0-9a-z]{4,32}-[a-z0-9]{8,32})$",
      "minLength" : 16,
      "maxLength" : 68
    },
    "IEMap" : {
      "description" : "An FMS includeMap or excludeMap.",
      "type" : "object",
      "properties" : {
        "ACCOUNT" : {
          "type" : "array",
          "items" : {
            "$ref" : "#/definitions/AccountId"
          },
          "insertionOrder" : true
        },
        "ORGUNIT" : {
          "type" : "array",
          "items" : {
            "$ref" : "#/definitions/OrganizationalUnitId"
          },
          "insertionOrder" : true
        }
      },
      "additionalProperties" : false
    },
    "PolicyTag" : {
      "description" : "A policy tag.",
      "type" : "object",
      "properties" : {
        "Key" : {
          "type" : "string",
          "pattern" : "^([^\\s]*)$",
          "minLength" : 1,
          "maxLength" : 128
        },
        "Value" : {
          "type" : "string",
          "pattern" : "^([^\\s]*)$",
          "maxLength" : 256
        }
      },
      "additionalProperties" : false,
      "required" : [ "Key", "Value" ]
    },
    "ResourceTag" : {
      "description" : "A resource tag.",
      "type" : "object",
      "properties" : {
        "Key" : {
          "type" : "string",
          "minLength" : 1,
          "maxLength" : 128
        },
        "Value" : {
          "type" : "string",
          "maxLength" : 256
        }
      },
      "additionalProperties" : false,
      "required" : [ "Key" ]
    },
    "ResourceType" : {
      "description" : "An AWS resource type",
      "type" : "string",
      "pattern" : "^([^\\s]*)$",
      "minLength" : 1,
      "maxLength" : 128
    },
    "ResourceArn" : {
      "description" : "A resource ARN.",
      "type" : "string",
      "pattern" : "^([^\\s]*)$",
      "minLength" : 1,
      "maxLength" : 1024
    }
  },
  "properties" : {
    "ExcludeMap" : {
      "$ref" : "#/definitions/IEMap"
    },
    "ExcludeResourceTags" : {
      "type" : "boolean"
    },
    "IncludeMap" : {
      "$ref" : "#/definitions/IEMap"
    },
    "Id" : {
      "type" : "string",
      "pattern" : "^[a-z0-9A-Z-]{36}$",
      "minLength" : 36,
      "maxLength" : 36
    },
    "PolicyName" : {
      "type" : "string",
      "pattern" : "^([a-zA-Z0-9_.:/=+\\-@]+)$",
      "minLength" : 1,
      "maxLength" : 1024
    },
    "RemediationEnabled" : {
      "type" : "boolean"
    },
    "ResourceTags" : {
      "type" : "array",
      "items" : {
        "$ref" : "#/definitions/ResourceTag"
      },
      "maxItems" : 8,
      "insertionOrder" : true
    },
    "ResourceType" : {
      "$ref" : "#/definitions/ResourceType"
    },
    "ResourceTypeList" : {
      "type" : "array",
      "items" : {
        "$ref" : "#/definitions/ResourceType"
      },
      "insertionOrder" : true
    },
    "SecurityServicePolicyData" : {
      "type" : "object",
      "properties" : {
        "ManagedServiceData" : {
          "type" : "string",
          "minLength" : 1,
          "maxLength" : 8192
        },
        "Type" : {
          "type" : "string",
          "enum" : [ "WAF", "WAFV2", "SHIELD_ADVANCED", "SECURITY_GROUPS_COMMON", "SECURITY_GROUPS_CONTENT_AUDIT", "SECURITY_GROUPS_USAGE_AUDIT", "NETWORK_FIREWALL", "DNS_FIREWALL" ]
        }
      },
      "additionalProperties" : false,
      "required" : [ "Type" ]
    },
    "Arn" : {
      "$ref" : "#/definitions/ResourceArn"
    },
    "DeleteAllPolicyResources" : {
      "type" : "boolean"
    },
    "ResourcesCleanUp" : {
      "type" : "boolean"
    },
    "Tags" : {
      "type" : "array",
      "items" : {
        "$ref" : "#/definitions/PolicyTag"
      },
      "insertionOrder" : true
    }
  },
  "additionalProperties" : false,
  "required" : [ "ExcludeResourceTags", "PolicyName", "RemediationEnabled", "ResourceType", "SecurityServicePolicyData" ],
  "readOnlyProperties" : [ "/properties/Arn", "/properties/Id" ],
  "writeOnlyProperties" : [ "/properties/DeleteAllPolicyResources" ],
  "primaryIdentifier" : [ "/properties/Id" ],
  "handlers" : {
    "create" : {
      "permissions" : [ "fms:PutPolicy", "fms:TagResource", "waf-regional:ListRuleGroups", "wafv2:CheckCapacity", "wafv2:ListRuleGroups", "wafv2:ListAvailableManagedRuleGroups", "network-firewall:DescribeRuleGroup", "route53resolver:ListFirewallRuleGroups" ]
    },
    "update" : {
      "permissions" : [ "fms:PutPolicy", "fms:GetPolicy", "fms:TagResource", "fms:UntagResource", "fms:ListTagsForResource", "waf-regional:ListRuleGroups", "wafv2:CheckCapacity", "wafv2:ListRuleGroups", "wafv2:ListAvailableManagedRuleGroups", "network-firewall:DescribeRuleGroup", "route53resolver:ListFirewallRuleGroups" ]
    },
    "read" : {
      "permissions" : [ "fms:GetPolicy", "fms:ListTagsForResource" ]
    },
    "delete" : {
      "permissions" : [ "fms:DeletePolicy" ]
    },
    "list" : {
      "permissions" : [ "fms:ListPolicies", "fms:ListTagsForResource" ]
    }
  }
}