{
  "typeName" : "AWS::AppStream::StackUserAssociation",
  "description" : "Resource Type definition for AWS::AppStream::StackUserAssociation",
  "additionalProperties" : false,
  "properties" : {
    "SendEmailNotification" : {
      "type" : "boolean"
    },
    "UserName" : {
      "type" : "string"
    },
    "Id" : {
      "type" : "string"
    },
    "StackName" : {
      "type" : "string"
    },
    "AuthenticationType" : {
      "type" : "string"
    }
  },
  "required" : [ "UserName", "StackName", "AuthenticationType" ],
  "createOnlyProperties" : [ "/properties/AuthenticationType", "/properties/StackName", "/properties/SendEmailNotification", "/properties/UserName" ],
  "primaryIdentifier" : [ "/properties/Id" ],
  "readOnlyProperties" : [ "/properties/Id" ]
}