{
  "typeName" : "AWS::DevOpsGuru::NotificationChannel",
  "description" : "This resource schema represents the NotificationChannel resource in the Amazon DevOps Guru.",
  "sourceUrl" : "https://github.com/aws-cloudformation/aws-cloudformation-resource-providers-devops-guru",
  "definitions" : {
    "NotificationChannelConfig" : {
      "description" : "Information about notification channels you have configured with DevOps Guru.",
      "type" : "object",
      "properties" : {
        "Sns" : {
          "$ref" : "#/definitions/SnsChannelConfig"
        }
      },
      "additionalProperties" : false
    },
    "SnsChannelConfig" : {
      "description" : "Information about a notification channel configured in DevOps Guru to send notifications when insights are created.",
      "type" : "object",
      "properties" : {
        "TopicArn" : {
          "type" : "string",
          "minLength" : 36,
          "maxLength" : 1024,
          "pattern" : "^arn:aws[a-z0-9-]*:sns:[a-z0-9-]+:\\d{12}:[^:]+$"
        }
      },
      "additionalProperties" : false
    }
  },
  "properties" : {
    "Config" : {
      "$ref" : "#/definitions/NotificationChannelConfig"
    },
    "Id" : {
      "description" : "The ID of a notification channel.",
      "type" : "string",
      "minLength" : 36,
      "maxLength" : 36,
      "pattern" : "^[a-f0-9]{8}-[a-f0-9]{4}-[a-f0-9]{4}-[a-f0-9]{4}-[a-f0-9]{12}$"
    }
  },
  "additionalProperties" : false,
  "required" : [ "Config" ],
  "createOnlyProperties" : [ "/properties/Config" ],
  "readOnlyProperties" : [ "/properties/Id" ],
  "primaryIdentifier" : [ "/properties/Id" ],
  "handlers" : {
    "create" : {
      "permissions" : [ "devops-guru:AddNotificationChannel", "devops-guru:ListNotificationChannels", "sns:Publish", "sns:GetTopicAttributes", "sns:SetTopicAttributes" ]
    },
    "list" : {
      "permissions" : [ "devops-guru:ListNotificationChannels" ]
    },
    "delete" : {
      "permissions" : [ "devops-guru:RemoveNotificationChannel", "devops-guru:ListNotificationChannels" ]
    },
    "read" : {
      "permissions" : [ "devops-guru:ListNotificationChannels" ]
    }
  }
}