{
  "typeName" : "AWS::IAM::SAMLProvider",
  "description" : "Resource Type definition for AWS::IAM::SAMLProvider",
  "additionalProperties" : false,
  "properties" : {
    "Name" : {
      "minLength" : 1,
      "maxLength" : 128,
      "pattern" : "[\\w._-]+",
      "type" : "string"
    },
    "SamlMetadataDocument" : {
      "minLength" : 1000,
      "maxLength" : 10000000,
      "type" : "string"
    },
    "Arn" : {
      "description" : "Amazon Resource Name (ARN) of the SAML provider",
      "minLength" : 1,
      "maxLength" : 1600,
      "type" : "string"
    },
    "Tags" : {
      "type" : "array",
      "uniqueItems" : false,
      "items" : {
        "$ref" : "#/definitions/Tag"
      }
    }
  },
  "definitions" : {
    "Tag" : {
      "description" : "A key-value pair to associate with a resource.",
      "type" : "object",
      "additionalProperties" : false,
      "properties" : {
        "Value" : {
          "description" : "The value for the tag. You can specify a value that is 0 to 256 Unicode characters in length and cannot be prefixed with aws:. You can use any of the following characters: the set of Unicode letters, digits, whitespace, _, ., /, =, +, and -.",
          "type" : "string",
          "minLength" : 1,
          "maxLength" : 256
        },
        "Key" : {
          "description" : "The key name of the tag. You can specify a value that is 1 to 128 Unicode characters in length and cannot be prefixed with aws:. You can use any of the following characters: the set of Unicode letters, digits, whitespace, _, ., /, =, +, and -.",
          "type" : "string",
          "minLength" : 1,
          "maxLength" : 128
        }
      },
      "required" : [ "Value", "Key" ]
    }
  },
  "required" : [ "SamlMetadataDocument" ],
  "createOnlyProperties" : [ "/properties/Name" ],
  "readOnlyProperties" : [ "/properties/Arn" ],
  "primaryIdentifier" : [ "/properties/Arn" ],
  "handlers" : {
    "create" : {
      "permissions" : [ "iam:CreateSAMLProvider", "iam:GetSAMLProvider" ]
    },
    "read" : {
      "permissions" : [ "iam:GetSAMLProvider" ]
    },
    "update" : {
      "permissions" : [ "iam:UpdateSAMLProvider", "iam:GetSAMLProvider", "iam:TagSAMLProvider", "iam:UntagSAMLProvider" ]
    },
    "delete" : {
      "permissions" : [ "iam:DeleteSAMLProvider" ]
    },
    "list" : {
      "permissions" : [ "iam:ListSAMLProviders", "iam:GetSAMLProvider" ]
    }
  }
}