{
  "typeName" : "AWS::EC2::TrafficMirrorFilterRule",
  "description" : "Resource Type definition for AWS::EC2::TrafficMirrorFilterRule",
  "additionalProperties" : false,
  "properties" : {
    "Id" : {
      "type" : "string"
    },
    "DestinationPortRange" : {
      "$ref" : "#/definitions/TrafficMirrorPortRange"
    },
    "Description" : {
      "type" : "string"
    },
    "SourcePortRange" : {
      "$ref" : "#/definitions/TrafficMirrorPortRange"
    },
    "RuleAction" : {
      "type" : "string"
    },
    "SourceCidrBlock" : {
      "type" : "string"
    },
    "RuleNumber" : {
      "type" : "integer"
    },
    "DestinationCidrBlock" : {
      "type" : "string"
    },
    "TrafficMirrorFilterId" : {
      "type" : "string"
    },
    "TrafficDirection" : {
      "type" : "string"
    },
    "Protocol" : {
      "type" : "integer"
    }
  },
  "definitions" : {
    "TrafficMirrorPortRange" : {
      "type" : "object",
      "additionalProperties" : false,
      "properties" : {
        "FromPort" : {
          "type" : "integer"
        },
        "ToPort" : {
          "type" : "integer"
        }
      },
      "required" : [ "ToPort", "FromPort" ]
    }
  },
  "required" : [ "RuleAction", "SourceCidrBlock", "RuleNumber", "DestinationCidrBlock", "TrafficMirrorFilterId", "TrafficDirection" ],
  "createOnlyProperties" : [ "/properties/TrafficMirrorFilterId" ],
  "readOnlyProperties" : [ "/properties/Id" ],
  "primaryIdentifier" : [ "/properties/Id" ]
}