{
  "typeName" : "AWS::EC2::Host",
  "description" : "Resource Type definition for AWS::EC2::Host",
  "sourceUrl" : "https://github.com/aws-cloudformation/aws-cloudformation-resource-providers-ec2.git",
  "additionalProperties" : false,
  "properties" : {
    "HostId" : {
      "description" : "Id of the host created.",
      "type" : "string"
    },
    "AutoPlacement" : {
      "description" : "Indicates whether the host accepts any untargeted instance launches that match its instance type configuration, or if it only accepts Host tenancy instance launches that specify its unique host ID.",
      "type" : "string"
    },
    "AvailabilityZone" : {
      "description" : "The Availability Zone in which to allocate the Dedicated Host.",
      "type" : "string"
    },
    "HostRecovery" : {
      "description" : "Indicates whether to enable or disable host recovery for the Dedicated Host. Host recovery is disabled by default.",
      "type" : "string"
    },
    "InstanceType" : {
      "description" : "Specifies the instance type to be supported by the Dedicated Hosts. If you specify an instance type, the Dedicated Hosts support instances of the specified instance type only.",
      "type" : "string"
    }
  },
  "required" : [ "InstanceType", "AvailabilityZone" ],
  "createOnlyProperties" : [ "/properties/AvailabilityZone", "/properties/InstanceType" ],
  "primaryIdentifier" : [ "/properties/HostId" ],
  "readOnlyProperties" : [ "/properties/HostId" ],
  "handlers" : {
    "create" : {
      "permissions" : [ "ec2:AllocateHosts", "ec2:DescribeHosts" ]
    },
    "read" : {
      "permissions" : [ "ec2:DescribeHosts" ]
    },
    "update" : {
      "permissions" : [ "ec2:ModifyHosts", "ec2:DescribeHosts" ]
    },
    "delete" : {
      "permissions" : [ "ec2:ReleaseHosts", "ec2:DescribeHosts" ]
    },
    "list" : {
      "permissions" : [ "ec2:DescribeHosts" ]
    }
  }
}