{
  "typeName" : "AWS::ImageBuilder::Image",
  "description" : "Resource schema for AWS::ImageBuilder::Image",
  "sourceUrl" : "https://github.com/aws-cloudformation/aws-cloudformation-resource-providers-imagebuilder.git",
  "properties" : {
    "Arn" : {
      "description" : "The Amazon Resource Name (ARN) of the image.",
      "type" : "string"
    },
    "Name" : {
      "description" : "The name of the image.",
      "type" : "string"
    },
    "ImageTestsConfiguration" : {
      "description" : "The image tests configuration used when creating this image.",
      "$ref" : "#/definitions/ImageTestsConfiguration"
    },
    "ImageRecipeArn" : {
      "description" : "The Amazon Resource Name (ARN) of the image recipe that defines how images are configured, tested, and assessed.",
      "type" : "string"
    },
    "ContainerRecipeArn" : {
      "description" : "The Amazon Resource Name (ARN) of the container recipe that defines how images are configured and tested.",
      "type" : "string"
    },
    "DistributionConfigurationArn" : {
      "description" : "The Amazon Resource Name (ARN) of the distribution configuration.",
      "type" : "string"
    },
    "InfrastructureConfigurationArn" : {
      "description" : "The Amazon Resource Name (ARN) of the infrastructure configuration.",
      "type" : "string"
    },
    "ImageId" : {
      "description" : "The AMI ID of the EC2 AMI in current region.",
      "type" : "string"
    },
    "ImageUri" : {
      "description" : "URI for containers created in current Region with default ECR image tag",
      "type" : "string"
    },
    "EnhancedImageMetadataEnabled" : {
      "description" : "Collects additional information about the image being created, including the operating system (OS) version and package list.",
      "type" : "boolean"
    },
    "Tags" : {
      "description" : "The tags associated with the image.",
      "type" : "object",
      "additionalProperties" : false,
      "patternProperties" : {
        ".{1,}" : {
          "type" : "string"
        }
      }
    }
  },
  "definitions" : {
    "ImageTestsConfiguration" : {
      "description" : "The image tests configuration used when creating this image.",
      "type" : "object",
      "additionalProperties" : false,
      "properties" : {
        "ImageTestsEnabled" : {
          "description" : "ImageTestsEnabled",
          "type" : "boolean"
        },
        "TimeoutMinutes" : {
          "description" : "TimeoutMinutes",
          "type" : "integer",
          "minimum" : 60,
          "maximum" : 1440
        }
      }
    }
  },
  "additionalProperties" : false,
  "oneOf" : [ {
    "required" : [ "ContainerRecipeArn", "InfrastructureConfigurationArn" ]
  }, {
    "required" : [ "ImageRecipeArn", "InfrastructureConfigurationArn" ]
  } ],
  "primaryIdentifier" : [ "/properties/Arn" ],
  "readOnlyProperties" : [ "/properties/Arn", "/properties/Name", "/properties/ImageId", "/properties/ImageUri" ],
  "createOnlyProperties" : [ "/properties/ImageRecipeArn", "/properties/ContainerRecipeArn", "/properties/InfrastructureConfigurationArn", "/properties/DistributionConfigurationArn", "/properties/ImageTestsConfiguration", "/properties/EnhancedImageMetadataEnabled", "/properties/Tags" ],
  "handlers" : {
    "create" : {
      "permissions" : [ "iam:GetRole", "iam:CreateServiceLinkedRole", "imagebuilder:GetImageRecipe", "imagebuilder:GetInfrastructureConfiguration", "imagebuilder:GetDistributionConfiguration", "imagebuilder:GetImage", "imagebuilder:CreateImage", "imagebuilder:TagResource" ],
      "timeoutInMinutes" : 720
    },
    "read" : {
      "permissions" : [ "imagebuilder:GetImage" ]
    },
    "delete" : {
      "permissions" : [ "imagebuilder:GetImage", "imagebuilder:DeleteImage", "imagebuilder:UnTagResource", "imagebuilder:CancelImageCreation" ]
    },
    "list" : {
      "permissions" : [ "imagebuilder:ListImages" ]
    }
  }
}