{
  "typeName" : "AWS::EC2::VPCEndpointService",
  "description" : "Resource Type definition for AWS::EC2::VPCEndpointService",
  "additionalProperties" : false,
  "properties" : {
    "NetworkLoadBalancerArns" : {
      "type" : "array",
      "uniqueItems" : false,
      "items" : {
        "type" : "string"
      }
    },
    "PayerResponsibility" : {
      "type" : "string"
    },
    "Id" : {
      "type" : "string"
    },
    "AcceptanceRequired" : {
      "type" : "boolean"
    },
    "GatewayLoadBalancerArns" : {
      "type" : "array",
      "uniqueItems" : false,
      "items" : {
        "type" : "string"
      }
    }
  },
  "primaryIdentifier" : [ "/properties/Id" ],
  "readOnlyProperties" : [ "/properties/Id" ]
}