{
  "typeName" : "AWS::EC2::VPNConnection",
  "description" : "Resource Type definition for AWS::EC2::VPNConnection",
  "additionalProperties" : false,
  "properties" : {
    "Id" : {
      "type" : "string"
    },
    "CustomerGatewayId" : {
      "type" : "string"
    },
    "StaticRoutesOnly" : {
      "type" : "boolean"
    },
    "Tags" : {
      "type" : "array",
      "uniqueItems" : false,
      "items" : {
        "$ref" : "#/definitions/Tag"
      }
    },
    "TransitGatewayId" : {
      "type" : "string"
    },
    "Type" : {
      "type" : "string"
    },
    "VpnGatewayId" : {
      "type" : "string"
    },
    "VpnTunnelOptionsSpecifications" : {
      "type" : "array",
      "uniqueItems" : true,
      "items" : {
        "$ref" : "#/definitions/VpnTunnelOptionsSpecification"
      }
    }
  },
  "definitions" : {
    "VpnTunnelOptionsSpecification" : {
      "type" : "object",
      "additionalProperties" : false,
      "properties" : {
        "PreSharedKey" : {
          "type" : "string"
        },
        "TunnelInsideCidr" : {
          "type" : "string"
        }
      }
    },
    "Tag" : {
      "type" : "object",
      "additionalProperties" : false,
      "properties" : {
        "Key" : {
          "type" : "string"
        },
        "Value" : {
          "type" : "string"
        }
      },
      "required" : [ "Value", "Key" ]
    }
  },
  "required" : [ "Type", "CustomerGatewayId" ],
  "createOnlyProperties" : [ "/properties/Type", "/properties/CustomerGatewayId", "/properties/StaticRoutesOnly", "/properties/VpnGatewayId", "/properties/TransitGatewayId", "/properties/VpnTunnelOptionsSpecifications" ],
  "readOnlyProperties" : [ "/properties/Id" ],
  "primaryIdentifier" : [ "/properties/Id" ]
}