{
  "typeName" : "AWS::ApiGatewayV2::Model",
  "description" : "Resource Type definition for AWS::ApiGatewayV2::Model",
  "additionalProperties" : false,
  "properties" : {
    "Id" : {
      "type" : "string"
    },
    "Description" : {
      "type" : "string"
    },
    "ContentType" : {
      "type" : "string"
    },
    "Schema" : {
      "type" : "object"
    },
    "ApiId" : {
      "type" : "string"
    },
    "Name" : {
      "type" : "string"
    }
  },
  "required" : [ "ApiId", "Schema", "Name" ],
  "createOnlyProperties" : [ "/properties/ApiId" ],
  "primaryIdentifier" : [ "/properties/Id" ],
  "readOnlyProperties" : [ "/properties/Id" ]
}