{
  "typeName" : "AWS::AutoScaling::ScalingPolicy",
  "description" : "Resource Type definition for AWS::AutoScaling::ScalingPolicy",
  "additionalProperties" : false,
  "properties" : {
    "MetricAggregationType" : {
      "type" : "string"
    },
    "PolicyType" : {
      "type" : "string"
    },
    "PredictiveScalingConfiguration" : {
      "$ref" : "#/definitions/PredictiveScalingConfiguration"
    },
    "ScalingAdjustment" : {
      "type" : "integer"
    },
    "Cooldown" : {
      "type" : "string"
    },
    "StepAdjustments" : {
      "type" : "array",
      "uniqueItems" : true,
      "items" : {
        "$ref" : "#/definitions/StepAdjustment"
      }
    },
    "AutoScalingGroupName" : {
      "type" : "string"
    },
    "MinAdjustmentMagnitude" : {
      "type" : "integer"
    },
    "TargetTrackingConfiguration" : {
      "$ref" : "#/definitions/TargetTrackingConfiguration"
    },
    "Id" : {
      "type" : "string"
    },
    "EstimatedInstanceWarmup" : {
      "type" : "integer"
    },
    "AdjustmentType" : {
      "type" : "string"
    }
  },
  "definitions" : {
    "PredictiveScalingCustomizedCapacityMetric" : {
      "type" : "object",
      "additionalProperties" : false,
      "properties" : {
        "MetricDataQueries" : {
          "type" : "array",
          "uniqueItems" : true,
          "items" : {
            "$ref" : "#/definitions/MetricDataQuery"
          }
        }
      },
      "required" : [ "MetricDataQueries" ]
    },
    "PredictiveScalingCustomizedScalingMetric" : {
      "type" : "object",
      "additionalProperties" : false,
      "properties" : {
        "MetricDataQueries" : {
          "type" : "array",
          "uniqueItems" : true,
          "items" : {
            "$ref" : "#/definitions/MetricDataQuery"
          }
        }
      },
      "required" : [ "MetricDataQueries" ]
    },
    "MetricStat" : {
      "type" : "object",
      "additionalProperties" : false,
      "properties" : {
        "Metric" : {
          "$ref" : "#/definitions/Metric"
        },
        "Stat" : {
          "type" : "string"
        },
        "Unit" : {
          "type" : "string"
        }
      },
      "required" : [ "Stat", "Metric" ]
    },
    "CustomizedMetricSpecification" : {
      "type" : "object",
      "additionalProperties" : false,
      "properties" : {
        "MetricName" : {
          "type" : "string"
        },
        "Dimensions" : {
          "type" : "array",
          "uniqueItems" : true,
          "items" : {
            "$ref" : "#/definitions/MetricDimension"
          }
        },
        "Statistic" : {
          "type" : "string"
        },
        "Unit" : {
          "type" : "string"
        },
        "Namespace" : {
          "type" : "string"
        }
      },
      "required" : [ "MetricName", "Statistic", "Namespace" ]
    },
    "TargetTrackingConfiguration" : {
      "type" : "object",
      "additionalProperties" : false,
      "properties" : {
        "CustomizedMetricSpecification" : {
          "$ref" : "#/definitions/CustomizedMetricSpecification"
        },
        "TargetValue" : {
          "type" : "number"
        },
        "DisableScaleIn" : {
          "type" : "boolean"
        },
        "PredefinedMetricSpecification" : {
          "$ref" : "#/definitions/PredefinedMetricSpecification"
        }
      },
      "required" : [ "TargetValue" ]
    },
    "PredictiveScalingPredefinedLoadMetric" : {
      "type" : "object",
      "additionalProperties" : false,
      "properties" : {
        "ResourceLabel" : {
          "type" : "string"
        },
        "PredefinedMetricType" : {
          "type" : "string"
        }
      },
      "required" : [ "PredefinedMetricType" ]
    },
    "StepAdjustment" : {
      "type" : "object",
      "additionalProperties" : false,
      "properties" : {
        "MetricIntervalUpperBound" : {
          "type" : "number"
        },
        "MetricIntervalLowerBound" : {
          "type" : "number"
        },
        "ScalingAdjustment" : {
          "type" : "integer"
        }
      },
      "required" : [ "ScalingAdjustment" ]
    },
    "PredictiveScalingPredefinedMetricPair" : {
      "type" : "object",
      "additionalProperties" : false,
      "properties" : {
        "ResourceLabel" : {
          "type" : "string"
        },
        "PredefinedMetricType" : {
          "type" : "string"
        }
      },
      "required" : [ "PredefinedMetricType" ]
    },
    "PredefinedMetricSpecification" : {
      "type" : "object",
      "additionalProperties" : false,
      "properties" : {
        "ResourceLabel" : {
          "type" : "string"
        },
        "PredefinedMetricType" : {
          "type" : "string"
        }
      },
      "required" : [ "PredefinedMetricType" ]
    },
    "MetricDimension" : {
      "type" : "object",
      "additionalProperties" : false,
      "properties" : {
        "Value" : {
          "type" : "string"
        },
        "Name" : {
          "type" : "string"
        }
      },
      "required" : [ "Value", "Name" ]
    },
    "PredictiveScalingPredefinedScalingMetric" : {
      "type" : "object",
      "additionalProperties" : false,
      "properties" : {
        "ResourceLabel" : {
          "type" : "string"
        },
        "PredefinedMetricType" : {
          "type" : "string"
        }
      },
      "required" : [ "PredefinedMetricType" ]
    },
    "PredictiveScalingMetricSpecification" : {
      "type" : "object",
      "additionalProperties" : false,
      "properties" : {
        "CustomizedLoadMetricSpecification" : {
          "$ref" : "#/definitions/PredictiveScalingCustomizedLoadMetric"
        },
        "PredefinedLoadMetricSpecification" : {
          "$ref" : "#/definitions/PredictiveScalingPredefinedLoadMetric"
        },
        "TargetValue" : {
          "type" : "number"
        },
        "PredefinedScalingMetricSpecification" : {
          "$ref" : "#/definitions/PredictiveScalingPredefinedScalingMetric"
        },
        "CustomizedCapacityMetricSpecification" : {
          "$ref" : "#/definitions/PredictiveScalingCustomizedCapacityMetric"
        },
        "CustomizedScalingMetricSpecification" : {
          "$ref" : "#/definitions/PredictiveScalingCustomizedScalingMetric"
        },
        "PredefinedMetricPairSpecification" : {
          "$ref" : "#/definitions/PredictiveScalingPredefinedMetricPair"
        }
      },
      "required" : [ "TargetValue" ]
    },
    "PredictiveScalingConfiguration" : {
      "type" : "object",
      "additionalProperties" : false,
      "properties" : {
        "MetricSpecifications" : {
          "type" : "array",
          "uniqueItems" : true,
          "items" : {
            "$ref" : "#/definitions/PredictiveScalingMetricSpecification"
          }
        },
        "MaxCapacityBreachBehavior" : {
          "type" : "string"
        },
        "MaxCapacityBuffer" : {
          "type" : "integer"
        },
        "SchedulingBufferTime" : {
          "type" : "integer"
        },
        "Mode" : {
          "type" : "string"
        }
      },
      "required" : [ "MetricSpecifications" ]
    },
    "PredictiveScalingCustomizedLoadMetric" : {
      "type" : "object",
      "additionalProperties" : false,
      "properties" : {
        "MetricDataQueries" : {
          "type" : "array",
          "uniqueItems" : true,
          "items" : {
            "$ref" : "#/definitions/MetricDataQuery"
          }
        }
      },
      "required" : [ "MetricDataQueries" ]
    },
    "Metric" : {
      "type" : "object",
      "additionalProperties" : false,
      "properties" : {
        "MetricName" : {
          "type" : "string"
        },
        "Dimensions" : {
          "type" : "array",
          "uniqueItems" : true,
          "items" : {
            "$ref" : "#/definitions/MetricDimension"
          }
        },
        "Namespace" : {
          "type" : "string"
        }
      },
      "required" : [ "MetricName", "Namespace" ]
    },
    "MetricDataQuery" : {
      "type" : "object",
      "additionalProperties" : false,
      "properties" : {
        "Label" : {
          "type" : "string"
        },
        "MetricStat" : {
          "$ref" : "#/definitions/MetricStat"
        },
        "Id" : {
          "type" : "string"
        },
        "ReturnData" : {
          "type" : "boolean"
        },
        "Expression" : {
          "type" : "string"
        }
      },
      "required" : [ "Id" ]
    }
  },
  "required" : [ "AutoScalingGroupName" ],
  "primaryIdentifier" : [ "/properties/Id" ],
  "readOnlyProperties" : [ "/properties/Id" ]
}