{
  "typeName" : "AWS::IoT::ProvisioningTemplate",
  "description" : "Creates a fleet provisioning template.",
  "sourceUrl" : "https://github.com/aws-cloudformation/aws-cloudformation-rpdk.git",
  "definitions" : {
    "ProvisioningHook" : {
      "type" : "object",
      "properties" : {
        "TargetArn" : {
          "type" : "string"
        },
        "PayloadVersion" : {
          "type" : "string"
        }
      }
    },
    "Tag" : {
      "type" : "object",
      "properties" : {
        "Key" : {
          "type" : "string"
        },
        "Value" : {
          "type" : "string"
        }
      },
      "additionalProperties" : false,
      "required" : [ "Key", "Value" ]
    }
  },
  "properties" : {
    "TemplateArn" : {
      "type" : "string"
    },
    "TemplateName" : {
      "type" : "string",
      "pattern" : "^[0-9A-Za-z_-]+$",
      "minLength" : 1,
      "maxLength" : 36
    },
    "Description" : {
      "type" : "string",
      "maxLength" : 500
    },
    "Enabled" : {
      "type" : "boolean"
    },
    "ProvisioningRoleArn" : {
      "type" : "string"
    },
    "TemplateBody" : {
      "type" : "string"
    },
    "PreProvisioningHook" : {
      "$ref" : "#/definitions/ProvisioningHook"
    },
    "Tags" : {
      "type" : "array",
      "items" : {
        "$ref" : "#/definitions/Tag"
      }
    }
  },
  "taggable" : true,
  "additionalProperties" : false,
  "required" : [ "ProvisioningRoleArn", "TemplateBody" ],
  "createOnlyProperties" : [ "/properties/TemplateName" ],
  "readOnlyProperties" : [ "/properties/TemplateArn" ],
  "primaryIdentifier" : [ "/properties/TemplateName" ],
  "handlers" : {
    "create" : {
      "permissions" : [ "iam:GetRole", "iam:PassRole", "iot:CreateProvisioningTemplate" ]
    },
    "read" : {
      "permissions" : [ "iot:DescribeProvisioningTemplate" ]
    },
    "update" : {
      "permissions" : [ "iam:GetRole", "iam:PassRole", "iot:UpdateProvisioningTemplate", "iot:CreateProvisioningTemplateVersion", "iot:ListProvisioningTemplateVersions", "iot:DeleteProvisioningTemplateVersion" ]
    },
    "delete" : {
      "permissions" : [ "iot:DeleteProvisioningTemplate", "iot:DescribeProvisioningTemplate" ]
    },
    "list" : {
      "permissions" : [ "iot:ListProvisioningTemplates" ]
    }
  }
}