{
  "typeName" : "AWS::ApiGatewayV2::Api",
  "description" : "Resource Type definition for AWS::ApiGatewayV2::Api",
  "additionalProperties" : false,
  "properties" : {
    "RouteSelectionExpression" : {
      "type" : "string"
    },
    "BodyS3Location" : {
      "$ref" : "#/definitions/BodyS3Location"
    },
    "Description" : {
      "type" : "string"
    },
    "ApiEndpoint" : {
      "type" : "string"
    },
    "BasePath" : {
      "type" : "string"
    },
    "FailOnWarnings" : {
      "type" : "boolean"
    },
    "DisableExecuteApiEndpoint" : {
      "type" : "boolean"
    },
    "DisableSchemaValidation" : {
      "type" : "boolean"
    },
    "Name" : {
      "type" : "string"
    },
    "Target" : {
      "type" : "string"
    },
    "CredentialsArn" : {
      "type" : "string"
    },
    "CorsConfiguration" : {
      "$ref" : "#/definitions/Cors"
    },
    "Version" : {
      "type" : "string"
    },
    "ProtocolType" : {
      "type" : "string"
    },
    "RouteKey" : {
      "type" : "string"
    },
    "Id" : {
      "type" : "string"
    },
    "Body" : {
      "type" : "object"
    },
    "Tags" : {
      "type" : "object"
    },
    "ApiKeySelectionExpression" : {
      "type" : "string"
    }
  },
  "definitions" : {
    "BodyS3Location" : {
      "type" : "object",
      "additionalProperties" : false,
      "properties" : {
        "Etag" : {
          "type" : "string"
        },
        "Bucket" : {
          "type" : "string"
        },
        "Version" : {
          "type" : "string"
        },
        "Key" : {
          "type" : "string"
        }
      }
    },
    "Cors" : {
      "type" : "object",
      "additionalProperties" : false,
      "properties" : {
        "AllowOrigins" : {
          "type" : "array",
          "uniqueItems" : false,
          "items" : {
            "type" : "string"
          }
        },
        "AllowCredentials" : {
          "type" : "boolean"
        },
        "ExposeHeaders" : {
          "type" : "array",
          "uniqueItems" : false,
          "items" : {
            "type" : "string"
          }
        },
        "AllowHeaders" : {
          "type" : "array",
          "uniqueItems" : false,
          "items" : {
            "type" : "string"
          }
        },
        "MaxAge" : {
          "type" : "integer"
        },
        "AllowMethods" : {
          "type" : "array",
          "uniqueItems" : false,
          "items" : {
            "type" : "string"
          }
        }
      }
    }
  },
  "createOnlyProperties" : [ "/properties/ProtocolType" ],
  "primaryIdentifier" : [ "/properties/Id" ],
  "readOnlyProperties" : [ "/properties/Id", "/properties/ApiEndpoint" ]
}