{
  "typeName" : "AWS::IoTEvents::AlarmModel",
  "description" : "The AWS::IoTEvents::AlarmModel resource creates a alarm model. AWS IoT Events alarms help you monitor your data for changes. The data can be metrics that you measure for your equipment and processes. You can create alarms that send notifications when a threshold is breached. Alarms help you detect issues, streamline maintenance, and optimize performance of your equipment and processes.\n\nAlarms are instances of alarm models. The alarm model specifies what to detect, when to send notifications, who gets notified, and more. You can also specify one or more supported actions that occur when the alarm state changes. AWS IoT Events routes input attributes derived from your data to the appropriate alarms. If the data that you're monitoring is outside the specified range, the alarm is invoked. You can also acknowledge the alarms or set them to the snooze mode.",
  "sourceUrl" : "https://github.com/aws-cloudformation/aws-cloudformation-rpdk.git",
  "definitions" : {
    "AlarmRule" : {
      "type" : "object",
      "description" : "Defines when your alarm is invoked.",
      "additionalProperties" : false,
      "properties" : {
        "SimpleRule" : {
          "$ref" : "#/definitions/SimpleRule"
        }
      }
    },
    "SimpleRule" : {
      "type" : "object",
      "additionalProperties" : false,
      "description" : "A rule that compares an input property value to a threshold value with a comparison operator.",
      "properties" : {
        "InputProperty" : {
          "type" : "string",
          "minLength" : 1,
          "maxLength" : 512,
          "description" : "The value on the left side of the comparison operator. You can specify an AWS IoT Events input attribute as an input property."
        },
        "ComparisonOperator" : {
          "type" : "string",
          "enum" : [ "GREATER", "GREATER_OR_EQUAL", "LESS", "LESS_OR_EQUAL", "EQUAL", "NOT_EQUAL" ],
          "description" : "The comparison operator."
        },
        "Threshold" : {
          "type" : "string",
          "minLength" : 1,
          "maxLength" : 512,
          "description" : "The value on the right side of the comparison operator. You can enter a number or specify an AWS IoT Events input attribute."
        }
      },
      "required" : [ "InputProperty", "ComparisonOperator", "Threshold" ]
    },
    "AlarmEventActions" : {
      "type" : "object",
      "additionalProperties" : false,
      "description" : "Contains information about one or more alarm actions.",
      "properties" : {
        "AlarmActions" : {
          "$ref" : "#/definitions/AlarmActions"
        }
      }
    },
    "AlarmCapabilities" : {
      "type" : "object",
      "description" : "Contains the configuration information of alarm state changes",
      "additionalProperties" : false,
      "properties" : {
        "InitializationConfiguration" : {
          "$ref" : "#/definitions/InitializationConfiguration"
        },
        "AcknowledgeFlow" : {
          "$ref" : "#/definitions/AcknowledgeFlow"
        }
      }
    },
    "AlarmActions" : {
      "type" : "array",
      "description" : "Specifies one or more supported actions to receive notifications when the alarm state changes.",
      "uniqueItems" : false,
      "insertionOrder" : false,
      "items" : {
        "$ref" : "#/definitions/AlarmAction"
      }
    },
    "AlarmAction" : {
      "type" : "object",
      "additionalProperties" : false,
      "description" : "The actions to be performed.",
      "properties" : {
        "DynamoDB" : {
          "$ref" : "#/definitions/DynamoDB"
        },
        "DynamoDBv2" : {
          "$ref" : "#/definitions/DynamoDBv2"
        },
        "Firehose" : {
          "$ref" : "#/definitions/Firehose"
        },
        "IotEvents" : {
          "$ref" : "#/definitions/IotEvents"
        },
        "IotSiteWise" : {
          "$ref" : "#/definitions/IotSiteWise"
        },
        "IotTopicPublish" : {
          "$ref" : "#/definitions/IotTopicPublish"
        },
        "Lambda" : {
          "$ref" : "#/definitions/Lambda"
        },
        "Sns" : {
          "$ref" : "#/definitions/Sns"
        },
        "Sqs" : {
          "$ref" : "#/definitions/Sqs"
        }
      }
    },
    "DynamoDB" : {
      "type" : "object",
      "additionalProperties" : false,
      "description" : "Writes to the DynamoDB table that you created. The default action payload contains all attribute-value pairs that have the information about the alarm model instance and the event that triggered the action. You can also customize the [payload](https://docs.aws.amazon.com/iotevents/latest/apireference/API_Payload.html). One column of the DynamoDB table receives all attribute-value pairs in the payload that you specify. For more information, see [Actions](https://docs.aws.amazon.com/iotevents/latest/developerguide/iotevents-event-actions.html) in *AWS IoT Events Developer Guide*.",
      "properties" : {
        "HashKeyField" : {
          "type" : "string",
          "description" : "The name of the hash key (also called the partition key)."
        },
        "HashKeyType" : {
          "type" : "string",
          "description" : "The data type for the hash key (also called the partition key). You can specify the following values:\n\n* `STRING` - The hash key is a string.\n\n* `NUMBER` - The hash key is a number.\n\nIf you don't specify `hashKeyType`, the default value is `STRING`."
        },
        "HashKeyValue" : {
          "type" : "string",
          "description" : "The value of the hash key (also called the partition key)."
        },
        "Operation" : {
          "type" : "string",
          "description" : "The type of operation to perform. You can specify the following values:\n\n* `INSERT` - Insert data as a new item into the DynamoDB table. This item uses the specified hash key as a partition key. If you specified a range key, the item uses the range key as a sort key.\n\n* `UPDATE` - Update an existing item of the DynamoDB table with new data. This item's partition key must match the specified hash key. If you specified a range key, the range key must match the item's sort key.\n\n* `DELETE` - Delete an existing item of the DynamoDB table. This item's partition key must match the specified hash key. If you specified a range key, the range key must match the item's sort key.\n\nIf you don't specify this parameter, AWS IoT Events triggers the `INSERT` operation."
        },
        "Payload" : {
          "$ref" : "#/definitions/Payload"
        },
        "PayloadField" : {
          "type" : "string",
          "description" : "The name of the DynamoDB column that receives the action payload.\n\nIf you don't specify this parameter, the name of the DynamoDB column is `payload`."
        },
        "RangeKeyField" : {
          "type" : "string",
          "description" : "The name of the range key (also called the sort key)."
        },
        "RangeKeyType" : {
          "type" : "string",
          "description" : "The data type for the range key (also called the sort key), You can specify the following values:\n\n* `STRING` - The range key is a string.\n\n* `NUMBER` - The range key is number.\n\nIf you don't specify `rangeKeyField`, the default value is `STRING`."
        },
        "RangeKeyValue" : {
          "type" : "string",
          "description" : "The value of the range key (also called the sort key)."
        },
        "TableName" : {
          "type" : "string",
          "description" : "The name of the DynamoDB table."
        }
      },
      "required" : [ "HashKeyField", "HashKeyValue", "TableName" ]
    },
    "DynamoDBv2" : {
      "type" : "object",
      "additionalProperties" : false,
      "description" : "Defines an action to write to the Amazon DynamoDB table that you created. The default action payload contains all attribute-value pairs that have the information about the alarm model instance and the event that triggered the action. You can also customize the [payload](https://docs.aws.amazon.com/iotevents/latest/apireference/API_Payload.html). A separate column of the DynamoDB table receives one attribute-value pair in the payload that you specify.\n\nYou can use expressions for parameters that are strings. For more information, see [Expressions](https://docs.aws.amazon.com/iotevents/latest/developerguide/iotevents-expressions.html) in the *AWS IoT Events Developer Guide*.",
      "properties" : {
        "Payload" : {
          "$ref" : "#/definitions/Payload"
        },
        "TableName" : {
          "type" : "string",
          "description" : "The name of the DynamoDB table."
        }
      },
      "required" : [ "TableName" ]
    },
    "Firehose" : {
      "type" : "object",
      "additionalProperties" : false,
      "description" : "Sends information about the alarm model instance and the event that triggered the action to an Amazon Kinesis Data Firehose delivery stream.",
      "properties" : {
        "DeliveryStreamName" : {
          "type" : "string",
          "description" : "The name of the Kinesis Data Firehose delivery stream where the data is written."
        },
        "Payload" : {
          "$ref" : "#/definitions/Payload"
        },
        "Separator" : {
          "type" : "string",
          "description" : "A character separator that is used to separate records written to the Kinesis Data Firehose delivery stream. Valid values are: '\\n' (newline), '\\t' (tab), '\\r\\n' (Windows newline), ',' (comma).",
          "pattern" : "([\\n\\t])|(\\r\\n)|(,)"
        }
      },
      "required" : [ "DeliveryStreamName" ]
    },
    "IotEvents" : {
      "type" : "object",
      "additionalProperties" : false,
      "description" : "Sends an AWS IoT Events input, passing in information about the alarm model instance and the event that triggered the action.",
      "properties" : {
        "InputName" : {
          "type" : "string",
          "description" : "The name of the AWS IoT Events input where the data is sent.",
          "minLength" : 1,
          "maxLength" : 128,
          "pattern" : "^[a-zA-Z][a-zA-Z0-9_]*$"
        },
        "Payload" : {
          "$ref" : "#/definitions/Payload"
        }
      },
      "required" : [ "InputName" ]
    },
    "IotSiteWise" : {
      "type" : "object",
      "additionalProperties" : false,
      "description" : "Sends information about the alarm model instance and the event that triggered the action to a specified asset property in AWS IoT SiteWise.",
      "properties" : {
        "AssetId" : {
          "type" : "string",
          "description" : "The ID of the asset that has the specified property. You can specify an expression."
        },
        "EntryId" : {
          "type" : "string",
          "description" : "A unique identifier for this entry. You can use the entry ID to track which data entry causes an error in case of failure. The default is a new unique identifier. You can also specify an expression."
        },
        "PropertyAlias" : {
          "type" : "string",
          "description" : "The alias of the asset property. You can also specify an expression."
        },
        "PropertyId" : {
          "type" : "string",
          "description" : "The ID of the asset property. You can specify an expression."
        },
        "PropertyValue" : {
          "$ref" : "#/definitions/AssetPropertyValue"
        }
      }
    },
    "IotTopicPublish" : {
      "type" : "object",
      "additionalProperties" : false,
      "description" : "Information required to publish the MQTT message through the AWS IoT message broker.",
      "properties" : {
        "MqttTopic" : {
          "type" : "string",
          "description" : "The MQTT topic of the message. You can use a string expression that includes variables (`$variable.<variable-name>`) and input values (`$input.<input-name>.<path-to-datum>`) as the topic string.",
          "minLength" : 1,
          "maxLength" : 128
        },
        "Payload" : {
          "$ref" : "#/definitions/Payload"
        }
      },
      "required" : [ "MqttTopic" ]
    },
    "Lambda" : {
      "type" : "object",
      "additionalProperties" : false,
      "properties" : {
        "FunctionArn" : {
          "type" : "string",
          "description" : "The ARN of the Lambda function that is executed.",
          "minLength" : 1,
          "maxLength" : 2048
        },
        "Payload" : {
          "$ref" : "#/definitions/Payload"
        }
      },
      "required" : [ "FunctionArn" ]
    },
    "Sns" : {
      "type" : "object",
      "additionalProperties" : false,
      "description" : "Information required to publish the Amazon SNS message.",
      "properties" : {
        "Payload" : {
          "$ref" : "#/definitions/Payload"
        },
        "TargetArn" : {
          "type" : "string",
          "description" : "The ARN of the Amazon SNS target where the message is sent.",
          "minLength" : 1,
          "maxLength" : 2048
        }
      },
      "required" : [ "TargetArn" ]
    },
    "Sqs" : {
      "type" : "object",
      "additionalProperties" : false,
      "properties" : {
        "Payload" : {
          "$ref" : "#/definitions/Payload"
        },
        "QueueUrl" : {
          "type" : "string",
          "description" : "The URL of the SQS queue where the data is written."
        },
        "UseBase64" : {
          "type" : "boolean",
          "description" : "Set this to `TRUE` if you want the data to be base-64 encoded before it is written to the queue. Otherwise, set this to `FALSE`."
        }
      },
      "required" : [ "QueueUrl" ]
    },
    "Payload" : {
      "type" : "object",
      "additionalProperties" : false,
      "description" : "Information needed to configure the payload.\n\nBy default, AWS IoT Events generates a standard payload in JSON for any action. This action payload contains all attribute-value pairs that have the information about the alarm model instance and the event triggered the action. To configure the action payload, you can use `contentExpression`.",
      "properties" : {
        "ContentExpression" : {
          "type" : "string",
          "description" : "The content of the payload. You can use a string expression that includes quoted strings (`'<string>'`), variables (`$variable.<variable-name>`), input values (`$input.<input-name>.<path-to-datum>`), string concatenations, and quoted strings that contain `${}` as the content. The recommended maximum size of a content expression is 1 KB.",
          "minLength" : 1
        },
        "Type" : {
          "type" : "string",
          "description" : "The value of the payload type can be either `STRING` or `JSON`."
        }
      },
      "required" : [ "ContentExpression", "Type" ]
    },
    "InitializationConfiguration" : {
      "type" : "object",
      "description" : "Specifies the default alarm state. The configuration applies to all alarms that were created based on this alarm model.",
      "additionalProperties" : false,
      "properties" : {
        "DisabledOnInitialization" : {
          "type" : "boolean",
          "description" : "The value must be TRUE or FALSE. If FALSE, all alarm instances created based on the alarm model are activated. The default value is TRUE.",
          "default" : "true"
        }
      },
      "required" : [ "DisabledOnInitialization" ]
    },
    "AcknowledgeFlow" : {
      "type" : "object",
      "description" : "Specifies whether to get notified for alarm state changes.",
      "additionalProperties" : false,
      "properties" : {
        "Enabled" : {
          "type" : "boolean",
          "description" : "The value must be TRUE or FALSE. If TRUE, you receive a notification when the alarm state changes. You must choose to acknowledge the notification before the alarm state can return to NORMAL. If FALSE, you won't receive notifications. The alarm automatically changes to the NORMAL state when the input property value returns to the specified range.",
          "default" : "true"
        }
      }
    },
    "AssetPropertyValue" : {
      "type" : "object",
      "additionalProperties" : false,
      "description" : "A structure that contains value information. For more information, see [AssetPropertyValue](https://docs.aws.amazon.com/iot-sitewise/latest/APIReference/API_AssetPropertyValue.html) in the *AWS IoT SiteWise API Reference*.",
      "properties" : {
        "Quality" : {
          "type" : "string",
          "description" : "The quality of the asset property value. The value must be `GOOD`, `BAD`, or `UNCERTAIN`. You can also specify an expression."
        },
        "Timestamp" : {
          "$ref" : "#/definitions/AssetPropertyTimestamp"
        },
        "Value" : {
          "$ref" : "#/definitions/AssetPropertyVariant"
        }
      },
      "required" : [ "Value" ]
    },
    "AssetPropertyTimestamp" : {
      "type" : "object",
      "additionalProperties" : false,
      "description" : "A structure that contains timestamp information. For more information, see [TimeInNanos](https://docs.aws.amazon.com/iot-sitewise/latest/APIReference/API_TimeInNanos.html) in the *AWS IoT SiteWise API Reference*.",
      "properties" : {
        "OffsetInNanos" : {
          "type" : "string",
          "description" : "The timestamp, in seconds, in the Unix epoch format. The valid range is between `1-31556889864403199`. You can also specify an expression."
        },
        "TimeInSeconds" : {
          "type" : "string",
          "description" : "The nanosecond offset converted from `timeInSeconds`. The valid range is between `0-999999999`. You can also specify an expression."
        }
      },
      "required" : [ "TimeInSeconds" ]
    },
    "AssetPropertyVariant" : {
      "type" : "object",
      "additionalProperties" : false,
      "description" : "A structure that contains an asset property value. For more information, see [Variant](https://docs.aws.amazon.com/iot-sitewise/latest/APIReference/API_Variant.html) in the *AWS IoT SiteWise API Reference*.",
      "properties" : {
        "BooleanValue" : {
          "type" : "string",
          "description" : "The asset property value is a Boolean value that must be `TRUE` or `FALSE`. You can also specify an expression. If you use an expression, the evaluated result should be a Boolean value."
        },
        "DoubleValue" : {
          "type" : "string",
          "description" : "The asset property value is a double. You can also specify an expression. If you use an expression, the evaluated result should be a double."
        },
        "IntegerValue" : {
          "type" : "string",
          "description" : "The asset property value is an integer. You can also specify an expression. If you use an expression, the evaluated result should be an integer."
        },
        "StringValue" : {
          "type" : "string",
          "description" : "The asset property value is a string. You can also specify an expression. If you use an expression, the evaluated result should be a string."
        }
      }
    },
    "Tag" : {
      "type" : "object",
      "additionalProperties" : false,
      "description" : "Tags to be applied to Input.",
      "properties" : {
        "Key" : {
          "description" : "Key of the Tag.",
          "type" : "string"
        },
        "Value" : {
          "description" : "Value of the Tag.",
          "type" : "string"
        }
      },
      "required" : [ "Value", "Key" ]
    }
  },
  "properties" : {
    "AlarmModelName" : {
      "type" : "string",
      "description" : "The name of the alarm model.",
      "minLength" : 1,
      "maxLength" : 128,
      "pattern" : "^[a-zA-Z0-9_-]+$"
    },
    "AlarmModelDescription" : {
      "type" : "string",
      "description" : "A brief description of the alarm model.",
      "maxLength" : 128
    },
    "RoleArn" : {
      "type" : "string",
      "description" : "The ARN of the role that grants permission to AWS IoT Events to perform its operations.",
      "minLength" : 1,
      "maxLength" : 2048
    },
    "Key" : {
      "type" : "string",
      "description" : "The value used to identify a alarm instance. When a device or system sends input, a new alarm instance with a unique key value is created. AWS IoT Events can continue to route input to its corresponding alarm instance based on this identifying information.\n\nThis parameter uses a JSON-path expression to select the attribute-value pair in the message payload that is used for identification. To route the message to the correct alarm instance, the device must send a message payload that contains the same attribute-value.",
      "minLength" : 1,
      "maxLength" : 128,
      "pattern" : "^((`[\\w\\- ]+`)|([\\w\\-]+))(\\.((`[\\w\\- ]+`)|([\\w\\-]+)))*$"
    },
    "Severity" : {
      "type" : "integer",
      "description" : "A non-negative integer that reflects the severity level of the alarm.\n\n",
      "minimum" : 0,
      "maximum" : 2147483647
    },
    "AlarmRule" : {
      "$ref" : "#/definitions/AlarmRule"
    },
    "AlarmEventActions" : {
      "$ref" : "#/definitions/AlarmEventActions"
    },
    "AlarmCapabilities" : {
      "$ref" : "#/definitions/AlarmCapabilities"
    },
    "Tags" : {
      "type" : "array",
      "uniqueItems" : false,
      "insertionOrder" : false,
      "description" : "An array of key-value pairs to apply to this resource.\n\nFor more information, see [Tag](https://docs.aws.amazon.com/AWSCloudFormation/latest/UserGuide/aws-properties-resource-tags.html).",
      "items" : {
        "$ref" : "#/definitions/Tag"
      }
    }
  },
  "required" : [ "RoleArn", "AlarmRule" ],
  "additionalProperties" : false,
  "primaryIdentifier" : [ "/properties/AlarmModelName" ],
  "createOnlyProperties" : [ "/properties/AlarmModelName", "/properties/Key" ],
  "handlers" : {
    "create" : {
      "permissions" : [ "iotevents:CreateAlarmModel", "iotevents:UpdateInputRouting", "iotevents:DescribeAlarmModel", "iotevents:ListTagsForResource", "iotevents:TagResource", "iam:PassRole" ]
    },
    "read" : {
      "permissions" : [ "iotevents:DescribeAlarmModel", "iotevents:ListTagsForResource" ]
    },
    "update" : {
      "permissions" : [ "iotevents:UpdateAlarmModel", "iotevents:UpdateInputRouting", "iotevents:DescribeAlarmModel", "iotevents:ListTagsForResource", "iotevents:UntagResource", "iotevents:TagResource", "iam:PassRole" ]
    },
    "delete" : {
      "permissions" : [ "iotevents:DeleteAlarmModel", "iotevents:DescribeAlarmModel" ]
    },
    "list" : {
      "permissions" : [ "iotevents:ListAlarmModels" ]
    }
  }
}