{
  "typeName" : "AWS::GuardDuty::Master",
  "description" : "Resource Type definition for AWS::GuardDuty::Master",
  "additionalProperties" : false,
  "properties" : {
    "DetectorId" : {
      "type" : "string"
    },
    "MasterId" : {
      "type" : "string"
    },
    "InvitationId" : {
      "type" : "string"
    }
  },
  "required" : [ "DetectorId", "MasterId" ],
  "createOnlyProperties" : [ "/properties/InvitationId", "/properties/MasterId", "/properties/DetectorId" ],
  "primaryIdentifier" : [ "/properties/MasterId" ],
  "readOnlyProperties" : [ "/properties/MasterId" ]
}