{
  "typeName" : "AWS::ApiGatewayV2::VpcLink",
  "description" : "Resource Type definition for AWS::ApiGatewayV2::VpcLink",
  "additionalProperties" : false,
  "properties" : {
    "VpcLinkId" : {
      "type" : "string"
    },
    "SubnetIds" : {
      "type" : "array",
      "uniqueItems" : false,
      "items" : {
        "type" : "string"
      }
    },
    "SecurityGroupIds" : {
      "type" : "array",
      "uniqueItems" : false,
      "items" : {
        "type" : "string"
      }
    },
    "Tags" : {
      "type" : "object",
      "description" : "This resource type use map for Tags, suggest to use List of Tag",
      "additionalProperties" : false,
      "patternProperties" : {
        ".*" : {
          "type" : "string"
        }
      }
    },
    "Name" : {
      "type" : "string"
    }
  },
  "required" : [ "SubnetIds", "Name" ],
  "createOnlyProperties" : [ "/properties/SecurityGroupIds", "/properties/SubnetIds" ],
  "primaryIdentifier" : [ "/properties/VpcLinkId" ],
  "readOnlyProperties" : [ "/properties/VpcLinkId" ],
  "tagging" : {
    "taggable" : true,
    "tagOnCreate" : true,
    "tagUpdatable" : true,
    "cloudFormationSystemTags" : true,
    "tagProperty" : "/properties/Tags"
  },
  "handlers" : {
    "create" : {
      "permissions" : [ "apigateway:*", "iam:*" ]
    },
    "update" : {
      "permissions" : [ "apigateway:*", "iam:*" ]
    },
    "read" : {
      "permissions" : [ "apigateway:*", "iam:*" ]
    },
    "delete" : {
      "permissions" : [ "apigateway:*", "iam:*" ]
    },
    "list" : {
      "permissions" : [ "apigateway:*", "iam:*" ]
    }
  }
}