{
  "typeName" : "AWS::AppConfig::Application",
  "description" : "Resource Type definition for AWS::AppConfig::Application",
  "additionalProperties" : false,
  "properties" : {
    "Description" : {
      "type" : "string"
    },
    "Id" : {
      "type" : "string"
    },
    "Tags" : {
      "type" : "array",
      "uniqueItems" : false,
      "items" : {
        "$ref" : "#/definitions/Tags"
      }
    },
    "Name" : {
      "type" : "string"
    }
  },
  "definitions" : {
    "Tags" : {
      "type" : "object",
      "additionalProperties" : false,
      "properties" : {
        "Value" : {
          "type" : "string"
        },
        "Key" : {
          "type" : "string"
        }
      }
    }
  },
  "required" : [ "Name" ],
  "primaryIdentifier" : [ "/properties/Id" ],
  "readOnlyProperties" : [ "/properties/Id" ]
}