{
  "typeName" : "AWS::EC2::TransitGatewayRoute",
  "description" : "Resource Type definition for AWS::EC2::TransitGatewayRoute",
  "additionalProperties" : false,
  "properties" : {
    "Id" : {
      "type" : "string"
    },
    "TransitGatewayRouteTableId" : {
      "type" : "string"
    },
    "DestinationCidrBlock" : {
      "type" : "string"
    },
    "Blackhole" : {
      "type" : "boolean"
    },
    "TransitGatewayAttachmentId" : {
      "type" : "string"
    }
  },
  "required" : [ "TransitGatewayRouteTableId" ],
  "createOnlyProperties" : [ "/properties/TransitGatewayRouteTableId", "/properties/TransitGatewayAttachmentId", "/properties/DestinationCidrBlock", "/properties/Blackhole" ],
  "readOnlyProperties" : [ "/properties/Id" ],
  "primaryIdentifier" : [ "/properties/Id" ]
}