{
  "typeName" : "AWS::EC2::NetworkInterface",
  "$schema" : "https://raw.githubusercontent.com/aws-cloudformation/cloudformation-resource-schema/master/src/main/resources/schema/provider.definition.schema.v1.json",
  "sourceUrl" : "https://github.com/aws-cloudformation/aws-cloudformation-resource-providers-ec2/networkinterface",
  "description" : "The AWS::EC2::NetworkInterface resource creates network interface",
  "additionalProperties" : false,
  "properties" : {
    "Description" : {
      "description" : "A description for the network interface.",
      "type" : "string"
    },
    "PrivateIpAddress" : {
      "description" : "Assigns a single private IP address to the network interface, which is used as the primary private IP address. If you want to specify multiple private IP address, use the PrivateIpAddresses property. ",
      "type" : "string"
    },
    "PrivateIpAddresses" : {
      "description" : "Assigns a list of private IP addresses to the network interface. You can specify a primary private IP address by setting the value of the Primary property to true in the PrivateIpAddressSpecification property. If you want EC2 to automatically assign private IP addresses, use the SecondaryPrivateIpAddressCount property and do not specify this property.",
      "type" : "array",
      "uniqueItems" : false,
      "insertionOrder" : false,
      "items" : {
        "$ref" : "#/definitions/PrivateIpAddressSpecification"
      }
    },
    "SecondaryPrivateIpAddressCount" : {
      "description" : "The number of secondary private IPv4 addresses to assign to a network interface. When you specify a number of secondary IPv4 addresses, Amazon EC2 selects these IP addresses within the subnet's IPv4 CIDR range. You can't specify this option and specify more than one private IP address using privateIpAddresses",
      "type" : "integer"
    },
    "PrimaryPrivateIpAddress" : {
      "description" : "Returns the primary private IP address of the network interface.",
      "type" : "string"
    },
    "GroupSet" : {
      "description" : "A list of security group IDs associated with this network interface.",
      "type" : "array",
      "uniqueItems" : false,
      "insertionOrder" : false,
      "items" : {
        "type" : "string"
      }
    },
    "Ipv6Addresses" : {
      "description" : "One or more specific IPv6 addresses from the IPv6 CIDR block range of your subnet to associate with the network interface. If you're specifying a number of IPv6 addresses, use the Ipv6AddressCount property and don't specify this property.",
      "type" : "array",
      "uniqueItems" : true,
      "insertionOrder" : false,
      "items" : {
        "$ref" : "#/definitions/InstanceIpv6Address"
      }
    },
    "SubnetId" : {
      "description" : "The ID of the subnet to associate with the network interface.",
      "type" : "string"
    },
    "SourceDestCheck" : {
      "description" : "Indicates whether traffic to or from the instance is validated.",
      "type" : "boolean"
    },
    "InterfaceType" : {
      "description" : "Indicates the type of network interface.",
      "type" : "string"
    },
    "SecondaryPrivateIpAddresses" : {
      "description" : "Returns the secondary private IP addresses of the network interface.",
      "type" : "array",
      "uniqueItems" : false,
      "insertionOrder" : false,
      "items" : {
        "type" : "string"
      }
    },
    "Ipv6AddressCount" : {
      "description" : "The number of IPv6 addresses to assign to a network interface. Amazon EC2 automatically selects the IPv6 addresses from the subnet range. To specify specific IPv6 addresses, use the Ipv6Addresses property and don't specify this property.",
      "type" : "integer"
    },
    "Id" : {
      "description" : "Network interface id.",
      "type" : "string"
    },
    "Tags" : {
      "description" : "An arbitrary set of tags (key-value pairs) for this network interface.",
      "type" : "array",
      "uniqueItems" : false,
      "insertionOrder" : false,
      "items" : {
        "$ref" : "#/definitions/Tag"
      }
    }
  },
  "definitions" : {
    "PrivateIpAddressSpecification" : {
      "type" : "object",
      "additionalProperties" : false,
      "properties" : {
        "PrivateIpAddress" : {
          "type" : "string"
        },
        "Primary" : {
          "type" : "boolean"
        }
      },
      "required" : [ "PrivateIpAddress", "Primary" ]
    },
    "InstanceIpv6Address" : {
      "type" : "object",
      "additionalProperties" : false,
      "properties" : {
        "Ipv6Address" : {
          "type" : "string"
        }
      },
      "required" : [ "Ipv6Address" ]
    },
    "Tag" : {
      "type" : "object",
      "additionalProperties" : false,
      "properties" : {
        "Value" : {
          "type" : "string"
        },
        "Key" : {
          "type" : "string"
        }
      },
      "required" : [ "Value", "Key" ]
    }
  },
  "required" : [ "SubnetId" ],
  "createOnlyProperties" : [ "/properties/PrivateIpAddress", "/properties/InterfaceType", "/properties/SubnetId" ],
  "primaryIdentifier" : [ "/properties/Id" ],
  "readOnlyProperties" : [ "/properties/Id", "/properties/SecondaryPrivateIpAddresses", "/properties/PrimaryPrivateIpAddress" ],
  "conditionalCreateOnlyProperties" : [ "/properties/PrivateIpAddresses" ],
  "taggable" : true,
  "handlers" : {
    "create" : {
      "permissions" : [ "ec2:CreateNetworkInterface", "ec2:DescribeNetworkInterfaces", "ec2:CreateTags", "ec2:ModifyNetworkInterfaceAttribute" ]
    },
    "delete" : {
      "permissions" : [ "ec2:DescribeNetworkInterfaces", "ec2:DeleteNetworkInterface" ]
    },
    "list" : {
      "permissions" : [ "ec2:DescribeNetworkInterfaces" ]
    },
    "read" : {
      "permissions" : [ "ec2:DescribeNetworkInterfaces" ]
    },
    "update" : {
      "permissions" : [ "ec2:DescribeNetworkInterfaces", "ec2:ModifyNetworkInterfaceAttribute", "ec2:UnassignIpv6Addresses", "ec2:AssignIpv6Addresses", "ec2:DeleteTags", "ec2:CreateTags", "ec2:UnassignPrivateIpAddresses", "ec2:AssignPrivateIpAddresses" ]
    }
  }
}