{
  "typeName" : "AWS::Cognito::UserPoolDomain",
  "description" : "Resource Type definition for AWS::Cognito::UserPoolDomain",
  "additionalProperties" : false,
  "properties" : {
    "UserPoolId" : {
      "type" : "string"
    },
    "Id" : {
      "type" : "string"
    },
    "Domain" : {
      "type" : "string"
    },
    "CustomDomainConfig" : {
      "$ref" : "#/definitions/CustomDomainConfigType"
    }
  },
  "definitions" : {
    "CustomDomainConfigType" : {
      "type" : "object",
      "additionalProperties" : false,
      "properties" : {
        "CertificateArn" : {
          "type" : "string"
        }
      }
    }
  },
  "required" : [ "UserPoolId", "Domain" ],
  "createOnlyProperties" : [ "/properties/UserPoolId", "/properties/Domain" ],
  "primaryIdentifier" : [ "/properties/Id" ],
  "readOnlyProperties" : [ "/properties/Id" ]
}