{
  "typeName" : "AWS::EC2::LocalGatewayRoute",
  "description" : "Describes a route for a local gateway route table.",
  "sourceUrl" : "https://github.com/aws-cloudformation/aws-cloudformation-resource-providers-ec2-lgw.git",
  "properties" : {
    "DestinationCidrBlock" : {
      "description" : "The CIDR block used for destination matches.",
      "type" : "string"
    },
    "LocalGatewayRouteTableId" : {
      "description" : "The ID of the local gateway route table.",
      "type" : "string"
    },
    "LocalGatewayVirtualInterfaceGroupId" : {
      "description" : "The ID of the virtual interface group.",
      "type" : "string"
    },
    "State" : {
      "description" : "The state of the route.",
      "type" : "string"
    },
    "Type" : {
      "description" : "The route type.",
      "type" : "string"
    }
  },
  "required" : [ "DestinationCidrBlock", "LocalGatewayRouteTableId", "LocalGatewayVirtualInterfaceGroupId" ],
  "createOnlyProperties" : [ "/properties/DestinationCidrBlock", "/properties/LocalGatewayRouteTableId", "/properties/LocalGatewayVirtualInterfaceGroupId" ],
  "readOnlyProperties" : [ "/properties/State", "/properties/Type" ],
  "primaryIdentifier" : [ "/properties/DestinationCidrBlock", "/properties/LocalGatewayRouteTableId" ],
  "tagging" : {
    "taggable" : false,
    "tagOnCreate" : false,
    "tagUpdatable" : false,
    "cloudFormationSystemTags" : false
  },
  "handlers" : {
    "create" : {
      "permissions" : [ "ec2:CreateLocalGatewayRoute", "ec2:SearchLocalGatewayRoutes" ]
    },
    "read" : {
      "permissions" : [ "ec2:SearchLocalGatewayRoutes" ]
    },
    "delete" : {
      "permissions" : [ "ec2:DeleteLocalGatewayRoute", "ec2:SearchLocalGatewayRoutes" ]
    },
    "list" : {
      "permissions" : [ "ec2:DescribeLocalGatewayRouteTables", "ec2:SearchLocalGatewayRoutes" ]
    }
  },
  "additionalProperties" : false
}