{
  "typeName" : "AWS::IAM::Policy",
  "description" : "Resource Type definition for AWS::IAM::Policy",
  "additionalProperties" : false,
  "properties" : {
    "Id" : {
      "type" : "string"
    },
    "Groups" : {
      "type" : "array",
      "uniqueItems" : false,
      "items" : {
        "type" : "string"
      }
    },
    "PolicyDocument" : {
      "type" : "object"
    },
    "PolicyName" : {
      "type" : "string"
    },
    "Roles" : {
      "type" : "array",
      "uniqueItems" : false,
      "items" : {
        "type" : "string"
      }
    },
    "Users" : {
      "type" : "array",
      "uniqueItems" : false,
      "items" : {
        "type" : "string"
      }
    }
  },
  "required" : [ "PolicyDocument", "PolicyName" ],
  "primaryIdentifier" : [ "/properties/Id" ],
  "readOnlyProperties" : [ "/properties/Id" ]
}