{
  "typeName" : "AWS::ApiGatewayV2::IntegrationResponse",
  "description" : "Resource Type definition for AWS::ApiGatewayV2::IntegrationResponse",
  "additionalProperties" : false,
  "properties" : {
    "Id" : {
      "type" : "string"
    },
    "ResponseTemplates" : {
      "type" : "object"
    },
    "TemplateSelectionExpression" : {
      "type" : "string"
    },
    "ResponseParameters" : {
      "type" : "object"
    },
    "ContentHandlingStrategy" : {
      "type" : "string"
    },
    "IntegrationId" : {
      "type" : "string"
    },
    "IntegrationResponseKey" : {
      "type" : "string"
    },
    "ApiId" : {
      "type" : "string"
    }
  },
  "required" : [ "IntegrationId", "IntegrationResponseKey", "ApiId" ],
  "primaryIdentifier" : [ "/properties/Id" ],
  "readOnlyProperties" : [ "/properties/Id" ]
}