{
  "typeName" : "AWS::ApiGateway::DocumentationPart",
  "description" : "Resource Type definition for AWS::ApiGateway::DocumentationPart",
  "additionalProperties" : false,
  "properties" : {
    "Id" : {
      "type" : "string"
    },
    "Location" : {
      "$ref" : "#/definitions/Location"
    },
    "Properties" : {
      "type" : "string"
    },
    "RestApiId" : {
      "type" : "string"
    }
  },
  "definitions" : {
    "Location" : {
      "type" : "object",
      "additionalProperties" : false,
      "properties" : {
        "Method" : {
          "type" : "string"
        },
        "Name" : {
          "type" : "string"
        },
        "Path" : {
          "type" : "string"
        },
        "StatusCode" : {
          "type" : "string"
        },
        "Type" : {
          "type" : "string"
        }
      }
    }
  },
  "required" : [ "Properties", "RestApiId", "Location" ],
  "createOnlyProperties" : [ "/properties/Location", "/properties/RestApiId" ],
  "primaryIdentifier" : [ "/properties/Id" ],
  "readOnlyProperties" : [ "/properties/Id" ]
}