{
  "typeName" : "AWS::IoT::Policy",
  "description" : "Resource Type definition for AWS::IoT::Policy",
  "additionalProperties" : false,
  "properties" : {
    "Id" : {
      "type" : "string"
    },
    "Arn" : {
      "type" : "string"
    },
    "PolicyDocument" : {
      "type" : "object"
    },
    "PolicyName" : {
      "type" : "string"
    }
  },
  "required" : [ "PolicyDocument" ],
  "readOnlyProperties" : [ "/properties/Arn", "/properties/Id" ],
  "createOnlyProperties" : [ "/properties/PolicyName", "/properties/PolicyDocument" ],
  "primaryIdentifier" : [ "/properties/Id" ]
}