{
  "typeName" : "AWS::ElasticBeanstalk::Application",
  "description" : "Resource Type definition for AWS::ElasticBeanstalk::Application",
  "additionalProperties" : false,
  "properties" : {
    "Id" : {
      "type" : "string"
    },
    "ApplicationName" : {
      "type" : "string"
    },
    "Description" : {
      "type" : "string"
    },
    "ResourceLifecycleConfig" : {
      "$ref" : "#/definitions/ApplicationResourceLifecycleConfig"
    }
  },
  "definitions" : {
    "ApplicationResourceLifecycleConfig" : {
      "type" : "object",
      "additionalProperties" : false,
      "properties" : {
        "ServiceRole" : {
          "type" : "string"
        },
        "VersionLifecycleConfig" : {
          "$ref" : "#/definitions/ApplicationVersionLifecycleConfig"
        }
      }
    },
    "ApplicationVersionLifecycleConfig" : {
      "type" : "object",
      "additionalProperties" : false,
      "properties" : {
        "MaxAgeRule" : {
          "$ref" : "#/definitions/MaxAgeRule"
        },
        "MaxCountRule" : {
          "$ref" : "#/definitions/MaxCountRule"
        }
      }
    },
    "MaxAgeRule" : {
      "type" : "object",
      "additionalProperties" : false,
      "properties" : {
        "DeleteSourceFromS3" : {
          "type" : "boolean"
        },
        "Enabled" : {
          "type" : "boolean"
        },
        "MaxAgeInDays" : {
          "type" : "integer"
        }
      }
    },
    "MaxCountRule" : {
      "type" : "object",
      "additionalProperties" : false,
      "properties" : {
        "DeleteSourceFromS3" : {
          "type" : "boolean"
        },
        "Enabled" : {
          "type" : "boolean"
        },
        "MaxCount" : {
          "type" : "integer"
        }
      }
    }
  },
  "createOnlyProperties" : [ "/properties/ApplicationName" ],
  "primaryIdentifier" : [ "/properties/Id" ],
  "readOnlyProperties" : [ "/properties/Id" ]
}